run,drone,t_s,type,label,lat,lon,note
gps_denied/20260928-165916,1,0.0,takeoff,,,,first armed sample
gps_denied/20260928-165916,1,30.16,hazard,constriction_1,-35.363329,149.1651404,first sighting; position in this drone's map frame
gps_denied/20260928-165916,1,30.16,hazard,constriction_2,-35.3633058,149.1651253,first sighting; position in this drone's map frame
gps_denied/20260928-165916,1,35.45,hazard,constriction_3,-35.3632817,149.1651426,first sighting; position in this drone's map frame
gps_denied/20260928-165916,1,43.01,hazard,constriction_4,-35.3632552,149.1651203,first sighting; position in this drone's map frame
gps_denied/20260928-165916,1,47.95,hazard,constriction_5,-35.3633071,149.1651892,first sighting; position in this drone's map frame
gps_denied/20260928-165916,1,52.94,hazard,constriction_6,-35.363234,149.1651422,first sighting; position in this drone's map frame
gps_denied/20260928-165916,1,70.67,hazard,constriction_7,-35.3632386,149.1651779,first sighting; position in this drone's map frame
gps_denied/20260928-165916,1,70.67,hazard,constriction_8,-35.3632188,149.1651955,first sighting; position in this drone's map frame
gps_denied/20260928-165916,1,76.84,detection,people_pins_1,-35.3632202,149.1651841,first sighting; position in this drone's map frame
gps_denied/20260928-165916,1,113.75,hazard,constriction_9,-35.3632195,149.1651205,first sighting; position in this drone's map frame
gps_denied/20260928-165916,1,134.23,hazard,constriction_10,-35.363193,149.165129,first sighting; position in this drone's map frame
gps_denied/20260928-165916,1,139.27,hazard,constriction_11,-35.3631696,149.1651379,first sighting; position in this drone's map frame
gps_denied/20260928-165916,1,151.96,hazard,constriction_12,-35.363166,149.1651676,first sighting; position in this drone's map frame
gps_denied/20260928-165916,1,162.21,hazard,constriction_13,-35.3631683,149.165224,first sighting; position in this drone's map frame
gps_denied/20260928-165916,1,163.02,land,,,,final disarm
gps_denied/20260928-165916,2,0.0,takeoff,,,,first armed sample
gps_denied/20260928-165916,2,27.47,hazard,constriction_1,-35.3631705,149.1653319,first sighting; position in this drone's map frame
gps_denied/20260928-165916,2,30.01,hazard,constriction_2,-35.3631798,149.1653067,first sighting; position in this drone's map frame
gps_denied/20260928-165916,2,30.01,hazard,constriction_3,-35.3631918,149.1653491,first sighting; position in this drone's map frame
gps_denied/20260928-165916,2,32.7,hazard,constriction_4,-35.3632103,149.1653317,first sighting; position in this drone's map frame
gps_denied/20260928-165916,2,35.3,hazard,constriction_5,-35.363185,149.1652489,first sighting; position in this drone's map frame
gps_denied/20260928-165916,2,40.39,hazard,constriction_6,-35.3631688,149.1652762,first sighting; position in this drone's map frame
gps_denied/20260928-165916,2,55.21,hazard,constriction_7,-35.3632503,149.1653534,first sighting; position in this drone's map frame
gps_denied/20260928-165916,2,72.9,hazard,constriction_8,-35.3632742,149.1653508,first sighting; position in this drone's map frame
gps_denied/20260928-165916,2,75.29,hazard,constriction_9,-35.363301,149.1653415,first sighting; position in this drone's map frame
gps_denied/20260928-165916,2,121.36,hazard,constriction_10,-35.3631682,149.1652294,first sighting; position in this drone's map frame
gps_denied/20260928-165916,2,126.46,hazard,constriction_11,-35.3631852,149.1652093,first sighting; position in this drone's map frame
gps_denied/20260928-165916,2,134.09,hazard,constriction_12,-35.3631672,149.1651785,first sighting; position in this drone's map frame
gps_denied/20260928-165916,2,136.6,hazard,constriction_13,-35.3632172,149.1652365,first sighting; position in this drone's map frame
gps_denied/20260928-165916,2,139.12,hazard,constriction_14,-35.3631692,149.1651509,first sighting; position in this drone's map frame
gps_denied/20260928-165916,2,144.18,hazard,constriction_15,-35.3631741,149.1651212,first sighting; position in this drone's map frame
gps_denied/20260928-165916,2,167.07,hazard,constriction_16,-35.3632072,149.1651206,first sighting; position in this drone's map frame
gps_denied/20260928-165916,2,169.74,hazard,constriction_17,-35.3632328,149.165119,first sighting; position in this drone's map frame
gps_denied/20260928-165916,2,179.76,hazard,constriction_18,-35.3632611,149.165119,first sighting; position in this drone's map frame
gps_denied/20260928-165916,2,189.86,hazard,constriction_19,-35.3632863,149.1651407,first sighting; position in this drone's map frame
gps_denied/20260928-165916,2,202.59,hazard,constriction_20,-35.3633108,149.1651432,first sighting; position in this drone's map frame
gps_denied/20260928-165916,2,258.89,detection,people_pins_1,-35.3632193,149.1651859,first sighting; position in this drone's map frame
gps_denied/20260928-165916,2,259.57,hazard,constriction_21,-35.3632099,149.165287,first sighting; position in this drone's map frame
gps_denied/20260928-165916,2,259.57,hazard,constriction_22,-35.3632324,149.1651838,first sighting; position in this drone's map frame
gps_denied/20260928-165916,2,275.68,hazard,constriction_23,-35.3632604,149.165194,first sighting; position in this drone's map frame
gps_denied/20260928-165916,2,278.21,hazard,constriction_24,-35.3632876,149.1651875,first sighting; position in this drone's map frame
gps_denied/20260928-165916,2,280.89,hazard,constriction_25,-35.3633054,149.1651702,first sighting; position in this drone's map frame
gps_denied/20260928-165916,2,309.79,hazard,constriction_26,-35.3632408,149.1652985,first sighting; position in this drone's map frame
gps_denied/20260928-165916,2,317.73,hazard,constriction_27,-35.3632683,149.1653134,first sighting; position in this drone's map frame
gps_denied/20260928-165916,2,452.93,hazard,constriction_28,-35.363355,149.165133,first sighting; position in this drone's map frame
gps_denied/20260928-165916,2,596.87,hazard,unreachable_29,-35.3633119,149.1653139,first sighting; position in this drone's map frame
gps_denied/20260928-165916,2,607.74,hazard,constriction_30,-35.3632959,149.1652815,first sighting; position in this drone's map frame
gps_denied/20260928-165916,2,610.35,hazard,constriction_31,-35.3632962,149.1652501,first sighting; position in this drone's map frame
gps_denied/20260928-165916,2,637.12,hazard,constriction_32,-35.3632709,149.1652419,first sighting; position in this drone's map frame
gps_denied/20260928-165916,2,637.12,hazard,constriction_33,-35.3633375,149.1652426,first sighting; position in this drone's map frame
gps_denied/20260928-165916,2,646.89,detection,people_pins_2,-35.3633455,149.1652363,first sighting; position in this drone's map frame
gps_denied/20260928-165916,2,658.0,hazard,constriction_34,-35.3633489,149.1652823,first sighting; position in this drone's map frame
gps_denied/20260928-165916,2,660.66,hazard,constriction_35,-35.3633385,149.1652021,first sighting; position in this drone's map frame
gps_denied/20260928-165916,2,663.29,hazard,constriction_36,-35.3633427,149.165314,first sighting; position in this drone's map frame
gps_denied/20260928-165916,2,665.79,hazard,constriction_37,-35.3633538,149.1653449,first sighting; position in this drone's map frame
gps_denied/20260928-165916,2,665.79,hazard,constriction_38,-35.3633568,149.1651776,first sighting; position in this drone's map frame
gps_denied/20260928-165916,2,676.93,detection,people_pins_3,-35.3633465,149.1653465,first sighting; position in this drone's map frame
gps_denied/20260928-165916,2,721.83,hazard,constriction_39,-35.3633173,149.1652724,first sighting; position in this drone's map frame
gps_denied/20260928-165916,2,726.97,hazard,constriction_40,-35.3633153,149.1652182,first sighting; position in this drone's map frame
gps_denied/20260928-165916,2,729.19,land,,,,final disarm
gps_denied/20260928-171216,1,0.0,takeoff,,,,first armed sample
gps_denied/20260928-171216,1,29.16,hazard,constriction_1,-35.3633362,149.1651398,first sighting; position in this drone's map frame
gps_denied/20260928-171216,1,34.21,hazard,constriction_2,-35.363294,149.1651226,first sighting; position in this drone's map frame
gps_denied/20260928-171216,1,44.2,hazard,constriction_3,-35.3632733,149.1651417,first sighting; position in this drone's map frame
gps_denied/20260928-171216,1,54.28,hazard,constriction_4,-35.3633123,149.1651701,first sighting; position in this drone's map frame
gps_denied/20260928-171216,1,59.47,hazard,constriction_5,-35.3632581,149.165121,first sighting; position in this drone's map frame
gps_denied/20260928-171216,1,61.97,hazard,constriction_6,-35.3632896,149.1651941,first sighting; position in this drone's map frame
gps_denied/20260928-171216,1,66.9,hazard,constriction_7,-35.3632399,149.1651415,first sighting; position in this drone's map frame
gps_denied/20260928-171216,1,74.36,hazard,constriction_8,-35.3632631,149.1651925,first sighting; position in this drone's map frame
gps_denied/20260928-171216,1,76.95,hazard,constriction_9,-35.3632376,149.165194,first sighting; position in this drone's map frame
gps_denied/20260928-171216,1,79.5,hazard,constriction_10,-35.3632155,149.1651757,first sighting; position in this drone's map frame
gps_denied/20260928-171216,1,82.12,detection,people_pins_1,-35.3632199,149.1651833,first sighting; position in this drone's map frame
gps_denied/20260928-171216,1,125.46,hazard,constriction_11,-35.3632164,149.1651374,first sighting; position in this drone's map frame
gps_denied/20260928-171216,1,138.08,hazard,constriction_12,-35.363178,149.1651374,first sighting; position in this drone's map frame
gps_denied/20260928-171216,1,155.99,hazard,constriction_13,-35.3631661,149.1651628,first sighting; position in this drone's map frame
gps_denied/20260928-171216,1,161.24,hazard,constriction_14,-35.3631845,149.1651922,first sighting; position in this drone's map frame
gps_denied/20260928-171216,1,166.59,hazard,constriction_15,-35.3631673,149.1652276,first sighting; position in this drone's map frame
gps_denied/20260928-171216,1,190.11,hazard,constriction_16,-35.363169,149.1652597,first sighting; position in this drone's map frame
gps_denied/20260928-171216,1,192.67,hazard,constriction_17,-35.3631827,149.1652828,first sighting; position in this drone's map frame
gps_denied/20260928-171216,1,197.73,hazard,constriction_18,-35.3631846,149.1653123,first sighting; position in this drone's map frame
gps_denied/20260928-171216,1,212.75,hazard,constriction_19,-35.3632216,149.1652979,first sighting; position in this drone's map frame
gps_denied/20260928-171216,1,212.75,hazard,constriction_20,-35.3631843,149.1653423,first sighting; position in this drone's map frame
gps_denied/20260928-171216,1,215.29,hazard,constriction_21,-35.3631759,149.1653759,first sighting; position in this drone's map frame
gps_denied/20260928-171216,1,243.36,hazard,constriction_22,-35.3632269,149.165392,first sighting; position in this drone's map frame
gps_denied/20260928-171216,1,248.14,hazard,constriction_23,-35.3632604,149.1653968,first sighting; position in this drone's map frame
gps_denied/20260928-171216,1,258.09,hazard,constriction_24,-35.3632923,149.1653894,first sighting; position in this drone's map frame
gps_denied/20260928-171216,1,268.52,hazard,constriction_25,-35.3632611,149.1653256,first sighting; position in this drone's map frame
gps_denied/20260928-171216,1,279.04,hazard,constriction_26,-35.3633114,149.1653475,first sighting; position in this drone's map frame
gps_denied/20260928-171216,1,284.39,hazard,constriction_27,-35.3633058,149.1652795,first sighting; position in this drone's map frame
gps_denied/20260928-171216,1,284.39,hazard,constriction_28,-35.3632965,149.1653096,first sighting; position in this drone's map frame
gps_denied/20260928-171216,1,310.06,hazard,constriction_29,-35.3632586,149.1652878,first sighting; position in this drone's map frame
gps_denied/20260928-171216,1,310.65,detection,people_pins_2,-35.3633476,149.1652805,first sighting; position in this drone's map frame
gps_denied/20260928-171216,1,317.83,hazard,unreachable_30,-35.3633453,149.1652768,first sighting; position in this drone's map frame
gps_denied/20260928-171216,1,382.05,hazard,constriction_31,-35.3632264,149.1652555,first sighting; position in this drone's map frame
gps_denied/20260928-171216,1,395.21,hazard,constriction_32,-35.3632128,149.1652291,first sighting; position in this drone's map frame
gps_denied/20260928-171216,1,399.4,detection,people_pins_3,-35.3632192,149.1652296,first sighting; position in this drone's map frame
gps_denied/20260928-171216,1,415.26,hazard,constriction_33,-35.3633033,149.1652382,first sighting; position in this drone's map frame
gps_denied/20260928-171216,1,714.28,hazard,constriction_34,-35.3633473,149.165238,first sighting; position in this drone's map frame
gps_denied/20260928-171216,1,717.04,hazard,constriction_35,-35.3633545,149.1653331,first sighting; position in this drone's map frame
gps_denied/20260928-171216,1,722.1,hazard,constriction_36,-35.3633395,149.1653621,first sighting; position in this drone's map frame
gps_denied/20260928-171216,1,737.24,hazard,constriction_37,-35.3631878,149.165241,first sighting; position in this drone's map frame
gps_denied/20260928-171216,1,747.33,hazard,constriction_38,-35.3633571,149.1653825,first sighting; position in this drone's map frame
gps_denied/20260928-171216,1,766.9,detection,people_pins_4,-35.3633482,149.16539,first sighting; position in this drone's map frame
gps_denied/20260928-171216,2,0.0,takeoff,,,,first armed sample
gps_denied/20260928-171216,2,29.25,hazard,constriction_1,-35.3631703,149.1653325,first sighting; position in this drone's map frame
gps_denied/20260928-171216,2,31.81,hazard,constriction_2,-35.3631945,149.1653493,first sighting; position in this drone's map frame
gps_denied/20260928-171216,2,34.24,hazard,constriction_3,-35.3632126,149.1653323,first sighting; position in this drone's map frame
gps_denied/20260928-171216,2,36.67,hazard,constriction_4,-35.3631682,149.1652734,first sighting; position in this drone's map frame
gps_denied/20260928-171216,2,36.67,hazard,constriction_5,-35.3631689,149.165304,first sighting; position in this drone's map frame
gps_denied/20260928-171216,2,39.2,hazard,constriction_6,-35.3632443,149.1653494,first sighting; position in this drone's map frame
gps_denied/20260928-171216,2,51.89,hazard,constriction_7,-35.3632674,149.1653292,first sighting; position in this drone's map frame
gps_denied/20260928-171216,2,62.08,hazard,constriction_8,-35.3632955,149.1653467,first sighting; position in this drone's map frame
gps_denied/20260928-171216,2,77.1,hazard,constriction_9,-35.3633128,149.1653279,first sighting; position in this drone's map frame
gps_denied/20260928-171216,2,92.64,hazard,constriction_10,-35.3631854,149.1652437,first sighting; position in this drone's map frame
gps_denied/20260928-171216,2,105.5,hazard,constriction_11,-35.3631675,149.1652126,first sighting; position in this drone's map frame
gps_denied/20260928-171216,2,110.66,hazard,constriction_12,-35.3631848,149.1651911,first sighting; position in this drone's map frame
gps_denied/20260928-171216,2,113.08,hazard,constriction_13,-35.3632062,149.1652277,first sighting; position in this drone's map frame
gps_denied/20260928-171216,2,120.59,hazard,constriction_14,-35.3631671,149.1651498,first sighting; position in this drone's map frame
gps_denied/20260928-171216,2,135.69,hazard,constriction_15,-35.36321,149.1652707,first sighting; position in this drone's map frame
gps_denied/20260928-171216,2,135.69,hazard,constriction_16,-35.363223,149.1651936,first sighting; position in this drone's map frame
gps_denied/20260928-171216,2,135.69,hazard,constriction_17,-35.36323,149.1652861,first sighting; position in this drone's map frame
gps_denied/20260928-171216,2,137.66,detection,people_pins_1,-35.3632193,149.165186,first sighting; position in this drone's map frame
gps_denied/20260928-171216,2,164.19,hazard,constriction_18,-35.3631748,149.1651186,first sighting; position in this drone's map frame
gps_denied/20260928-171216,2,180.63,land,,,,final disarm
gps_denied/20260928-174305,1,0.0,takeoff,,,,first armed sample
gps_denied/20260928-174305,1,30.05,hazard,constriction_1,-35.3633402,149.165125,first sighting; position in this drone's map frame
gps_denied/20260928-174305,1,35.28,hazard,constriction_2,-35.3633193,149.1651393,first sighting; position in this drone's map frame
gps_denied/20260928-174305,1,38.03,hazard,constriction_3,-35.3632953,149.1651222,first sighting; position in this drone's map frame
gps_denied/20260928-174305,1,38.03,hazard,constriction_4,-35.3632679,149.1651427,first sighting; position in this drone's map frame
gps_denied/20260928-174305,1,43.22,hazard,constriction_5,-35.3632929,149.1651769,first sighting; position in this drone's map frame
gps_denied/20260928-174305,1,45.63,hazard,constriction_6,-35.3632472,149.1651206,first sighting; position in this drone's map frame
gps_denied/20260928-174305,1,64.05,hazard,constriction_7,-35.3632565,149.1651783,first sighting; position in this drone's map frame
gps_denied/20260928-174305,1,66.63,hazard,constriction_8,-35.3632288,149.1651859,first sighting; position in this drone's map frame
gps_denied/20260928-174305,1,71.28,detection,people_pins_1,-35.3632206,149.1651837,first sighting; position in this drone's map frame
gps_denied/20260928-174305,1,118.22,hazard,unreachable_9,-35.3632133,149.1651421,first sighting; position in this drone's map frame
gps_denied/20260928-174305,1,119.47,land,,,,final disarm
gps_denied/20260928-174305,2,0.0,takeoff,,,,first armed sample
gps_denied/20260928-174305,2,29.7,hazard,constriction_1,-35.3631715,149.1653034,first sighting; position in this drone's map frame
gps_denied/20260928-174305,2,29.7,hazard,constriction_2,-35.3631883,149.1653348,first sighting; position in this drone's map frame
gps_denied/20260928-174305,2,32.31,hazard,constriction_3,-35.3632205,149.1653511,first sighting; position in this drone's map frame
gps_denied/20260928-174305,2,34.93,hazard,constriction_4,-35.3631693,149.1652715,first sighting; position in this drone's map frame
gps_denied/20260928-174305,2,40.39,hazard,constriction_5,-35.363258,149.1653488,first sighting; position in this drone's map frame
gps_denied/20260928-174305,2,42.87,hazard,constriction_6,-35.3631841,149.1652366,first sighting; position in this drone's map frame
gps_denied/20260928-174305,2,58.32,hazard,constriction_7,-35.3632388,149.1653343,first sighting; position in this drone's map frame
gps_denied/20260928-174305,2,66.28,hazard,constriction_8,-35.3632839,149.1653387,first sighting; position in this drone's map frame
gps_denied/20260928-174305,2,74.05,hazard,constriction_9,-35.3632586,149.1652933,first sighting; position in this drone's map frame
gps_denied/20260928-174305,2,74.05,hazard,constriction_10,-35.3633118,149.1653305,first sighting; position in this drone's map frame
gps_denied/20260928-174305,2,89.97,hazard,constriction_11,-35.3632099,149.1652764,first sighting; position in this drone's map frame
gps_denied/20260928-174305,2,102.43,hazard,constriction_12,-35.3632285,149.1652498,first sighting; position in this drone's map frame
gps_denied/20260928-174305,2,107.7,hazard,constriction_13,-35.3632189,149.1652153,first sighting; position in this drone's map frame
gps_denied/20260928-174305,2,110.28,hazard,constriction_14,-35.3632118,149.1651837,first sighting; position in this drone's map frame
gps_denied/20260928-174305,2,115.63,detection,people_pins_1,-35.3632186,149.1651865,first sighting; position in this drone's map frame
gps_denied/20260928-174305,2,132.88,hazard,constriction_15,-35.3631769,149.1652025,first sighting; position in this drone's map frame
gps_denied/20260928-174305,2,138.07,hazard,constriction_16,-35.3631769,149.1651501,first sighting; position in this drone's map frame
gps_denied/20260928-174305,2,150.45,hazard,constriction_17,-35.3631674,149.1651233,first sighting; position in this drone's map frame
gps_denied/20260928-174305,2,166.16,hazard,constriction_18,-35.363191,149.1651281,first sighting; position in this drone's map frame
gps_denied/20260928-174305,2,168.69,hazard,constriction_19,-35.3632237,149.1651218,first sighting; position in this drone's map frame
gps_denied/20260928-174305,2,173.64,hazard,constriction_20,-35.3632531,149.1651191,first sighting; position in this drone's map frame
gps_denied/20260928-174305,2,186.06,hazard,constriction_21,-35.3632803,149.1651386,first sighting; position in this drone's map frame
gps_denied/20260928-174305,2,191.16,hazard,constriction_22,-35.3633032,149.165143,first sighting; position in this drone's map frame
gps_denied/20260928-174305,2,198.71,hazard,constriction_23,-35.3633291,149.165132,first sighting; position in this drone's map frame
gps_denied/20260928-174305,2,203.81,hazard,constriction_24,-35.3633526,149.1651405,first sighting; position in this drone's map frame
gps_denied/20260928-174305,2,206.43,hazard,constriction_25,-35.3632995,149.1651819,first sighting; position in this drone's map frame
gps_denied/20260928-174305,2,219.11,hazard,constriction_26,-35.3632689,149.1651802,first sighting; position in this drone's map frame
gps_denied/20260928-174305,2,278.65,land,,,,final disarm
gps_enabled/20260928-174833,1,0.0,takeoff,,,,first armed sample
gps_enabled/20260928-174833,1,27.72,hazard,constriction_1,-35.3633411,149.1651385,first sighting; position in this drone's map frame
gps_enabled/20260928-174833,1,30.11,hazard,constriction_2,-35.3633198,149.1651242,first sighting; position in this drone's map frame
gps_enabled/20260928-174833,1,30.11,hazard,constriction_3,-35.3632985,149.1651395,first sighting; position in this drone's map frame
gps_enabled/20260928-174833,1,34.94,hazard,constriction_4,-35.3632725,149.1651216,first sighting; position in this drone's map frame
gps_enabled/20260928-174833,1,39.95,hazard,constriction_5,-35.3633065,149.1651693,first sighting; position in this drone's map frame
gps_enabled/20260928-174833,1,42.41,hazard,constriction_6,-35.3632928,149.1651931,first sighting; position in this drone's map frame
gps_enabled/20260928-174833,1,44.94,hazard,constriction_7,-35.3632461,149.1651213,first sighting; position in this drone's map frame
gps_enabled/20260928-174833,1,47.4,hazard,constriction_8,-35.3632218,149.165139,first sighting; position in this drone's map frame
gps_enabled/20260928-174833,1,72.25,hazard,constriction_9,-35.3632664,149.165195,first sighting; position in this drone's map frame
gps_enabled/20260928-174833,1,77.21,hazard,constriction_10,-35.3632302,149.1651786,first sighting; position in this drone's map frame
gps_enabled/20260928-174833,1,85.9,detection,people_pins_1,-35.3632201,149.1651833,first sighting; position in this drone's map frame
gps_enabled/20260928-174833,1,97.06,hazard,constriction_11,-35.3632156,149.1652278,first sighting; position in this drone's map frame
gps_enabled/20260928-174833,1,99.52,hazard,constriction_12,-35.3632248,149.1652601,first sighting; position in this drone's map frame
gps_enabled/20260928-174833,1,101.9,hazard,constriction_13,-35.3632242,149.1652926,first sighting; position in this drone's map frame
gps_enabled/20260928-174833,1,112.18,hazard,constriction_14,-35.3631691,149.1652478,first sighting; position in this drone's map frame
gps_enabled/20260928-174833,1,122.38,hazard,constriction_15,-35.3631667,149.1652128,first sighting; position in this drone's map frame
gps_enabled/20260928-174833,1,130.03,hazard,constriction_16,-35.3631835,149.1651673,first sighting; position in this drone's map frame
gps_enabled/20260928-174833,1,130.03,hazard,constriction_17,-35.3631831,149.1653064,first sighting; position in this drone's map frame
gps_enabled/20260928-174833,1,135.23,hazard,constriction_18,-35.3631685,149.1653345,first sighting; position in this drone's map frame
gps_enabled/20260928-174833,1,135.23,hazard,constriction_19,-35.3631676,149.1651365,first sighting; position in this drone's map frame
gps_enabled/20260928-174833,1,143.18,hazard,constriction_20,-35.3631797,149.1653656,first sighting; position in this drone's map frame
gps_enabled/20260928-174833,1,168.39,hazard,unreachable_21,-35.3631819,149.1653945,first sighting; position in this drone's map frame
gps_enabled/20260928-174833,1,203.19,hazard,constriction_22,-35.3632529,149.1651698,first sighting; position in this drone's map frame
gps_enabled/20260928-174833,1,203.19,hazard,unreachable_23,-35.3632044,149.1651913,first sighting; position in this drone's map frame
gps_enabled/20260928-174833,1,205.8,hazard,constriction_24,-35.363279,149.1651698,first sighting; position in this drone's map frame
gps_enabled/20260928-174833,1,1689.39,land,,,,final disarm
gps_enabled/20260928-174833,2,-44.25,hazard,constriction_1,-35.3631824,149.1653396,first sighting; position in this drone's map frame
gps_enabled/20260928-174833,2,0.0,takeoff,,,,first armed sample
gps_enabled/20260928-174833,2,27.72,hazard,constriction_2,-35.3632062,149.1653354,first sighting; position in this drone's map frame
gps_enabled/20260928-174833,2,30.11,hazard,constriction_3,-35.3631667,149.1652949,first sighting; position in this drone's map frame
gps_enabled/20260928-174833,2,32.48,hazard,constriction_4,-35.3632286,149.1653316,first sighting; position in this drone's map frame
gps_enabled/20260928-174833,2,34.94,hazard,constriction_5,-35.3631852,149.1652666,first sighting; position in this drone's map frame
gps_enabled/20260928-174833,2,37.44,hazard,constriction_6,-35.3632447,149.1653527,first sighting; position in this drone's map frame
gps_enabled/20260928-174833,2,52.41,hazard,constriction_7,-35.3632654,149.1653393,first sighting; position in this drone's map frame
gps_enabled/20260928-174833,2,54.99,hazard,constriction_8,-35.3632954,149.165341,first sighting; position in this drone's map frame
gps_enabled/20260928-174833,2,104.48,hazard,constriction_9,-35.3631858,149.1652389,first sighting; position in this drone's map frame
gps_enabled/20260928-174833,2,117.39,hazard,constriction_10,-35.3631682,149.1652118,first sighting; position in this drone's map frame
gps_enabled/20260928-174833,2,122.38,hazard,constriction_11,-35.3631667,149.1651791,first sighting; position in this drone's map frame
gps_enabled/20260928-174833,2,130.03,hazard,constriction_12,-35.3631796,149.1651408,first sighting; position in this drone's map frame
gps_enabled/20260928-174833,2,132.63,hazard,constriction_13,-35.3632259,149.165227,first sighting; position in this drone's map frame
gps_enabled/20260928-174833,2,135.23,hazard,unreachable_14,-35.3631567,149.1652447,first sighting; position in this drone's map frame
gps_enabled/20260928-174833,2,135.23,hazard,unreachable_15,-35.3632195,149.1652535,first sighting; position in this drone's map frame
gps_enabled/20260928-174833,2,136.3,land,,,,final disarm
gps_enabled/20260928-181822,1,-40.97,hazard,constriction_1,-35.3633423,149.1651335,first sighting; position in this drone's map frame
gps_enabled/20260928-181822,1,0.0,takeoff,,,,first armed sample
gps_enabled/20260928-181822,1,30.82,hazard,constriction_2,-35.363311,149.1651413,first sighting; position in this drone's map frame
gps_enabled/20260928-181822,1,36.15,hazard,constriction_3,-35.3632883,149.1651422,first sighting; position in this drone's map frame
gps_enabled/20260928-181822,1,41.07,hazard,constriction_4,-35.3632683,149.1651212,first sighting; position in this drone's map frame
gps_enabled/20260928-181822,1,48.39,hazard,constriction_5,-35.3633116,149.1651713,first sighting; position in this drone's map frame
gps_enabled/20260928-181822,1,50.85,hazard,constriction_6,-35.3632389,149.1651212,first sighting; position in this drone's map frame
gps_enabled/20260928-181822,1,61.01,hazard,constriction_7,-35.3632245,149.1651431,first sighting; position in this drone's map frame
gps_enabled/20260928-181822,1,68.77,hazard,constriction_8,-35.363286,149.1651936,first sighting; position in this drone's map frame
gps_enabled/20260928-181822,1,73.98,hazard,constriction_9,-35.3632546,149.1651832,first sighting; position in this drone's map frame
gps_enabled/20260928-181822,1,76.65,hazard,constriction_10,-35.3632233,149.1651746,first sighting; position in this drone's map frame
gps_enabled/20260928-181822,1,78.3,detection,people_pins_1,-35.3632199,149.1651847,first sighting; position in this drone's map frame
gps_enabled/20260928-181822,1,130.07,hazard,constriction_11,-35.3632029,149.1651203,first sighting; position in this drone's map frame
gps_enabled/20260928-181822,1,135.15,hazard,constriction_12,-35.36318,149.1651357,first sighting; position in this drone's map frame
gps_enabled/20260928-181822,1,153.51,hazard,constriction_13,-35.363174,149.1651671,first sighting; position in this drone's map frame
gps_enabled/20260928-181822,1,162.24,hazard,constriction_14,-35.3631847,149.1651985,first sighting; position in this drone's map frame
gps_enabled/20260928-181822,1,172.51,hazard,constriction_15,-35.3631676,149.16523,first sighting; position in this drone's map frame
gps_enabled/20260928-181822,1,180.69,hazard,constriction_16,-35.3631883,149.1652581,first sighting; position in this drone's map frame
gps_enabled/20260928-181822,1,198.23,hazard,constriction_17,-35.363185,149.1652948,first sighting; position in this drone's map frame
gps_enabled/20260928-181822,1,203.15,hazard,constriction_18,-35.3631845,149.1653268,first sighting; position in this drone's map frame
gps_enabled/20260928-181822,1,213.37,hazard,constriction_19,-35.363223,149.1652153,first sighting; position in this drone's map frame
gps_enabled/20260928-181822,1,215.88,hazard,constriction_20,-35.3632291,149.1652961,first sighting; position in this drone's map frame
gps_enabled/20260928-181822,1,235.98,hazard,constriction_21,-35.3631778,149.1653596,first sighting; position in this drone's map frame
gps_enabled/20260928-181822,1,266.43,hazard,constriction_22,-35.363233,149.165364,first sighting; position in this drone's map frame
gps_enabled/20260928-181822,1,271.48,hazard,constriction_23,-35.3632083,149.1653494,first sighting; position in this drone's map frame
gps_enabled/20260928-181822,1,276.57,hazard,constriction_24,-35.3632629,149.1653653,first sighting; position in this drone's map frame
gps_enabled/20260928-181822,1,281.62,hazard,constriction_25,-35.3632991,149.1653587,first sighting; position in this drone's map frame
gps_enabled/20260928-181822,1,306.99,hazard,constriction_26,-35.3633139,149.1653036,first sighting; position in this drone's map frame
gps_enabled/20260928-181822,1,309.45,hazard,constriction_27,-35.3633057,149.1652681,first sighting; position in this drone's map frame
gps_enabled/20260928-181822,1,319.5,hazard,constriction_28,-35.3633071,149.1652403,first sighting; position in this drone's map frame
gps_enabled/20260928-181822,1,355.29,hazard,constriction_29,-35.3632613,149.1652937,first sighting; position in this drone's map frame
gps_enabled/20260928-181822,1,444.99,hazard,constriction_30,-35.3633462,149.1652577,first sighting; position in this drone's map frame
gps_enabled/20260928-181822,1,444.99,hazard,constriction_31,-35.3632563,149.1652427,first sighting; position in this drone's map frame
gps_enabled/20260928-181822,1,467.88,detection,people_pins_2,-35.3633468,149.1652504,first sighting; position in this drone's map frame
gps_enabled/20260928-181822,1,473.16,hazard,constriction_32,-35.3633576,149.1652841,first sighting; position in this drone's map frame
gps_enabled/20260928-181822,1,475.75,hazard,constriction_33,-35.3633572,149.1653276,first sighting; position in this drone's map frame
gps_enabled/20260928-181822,1,475.75,hazard,constriction_34,-35.3633501,149.165187,first sighting; position in this drone's map frame
gps_enabled/20260928-181822,1,478.21,hazard,constriction_35,-35.3633539,149.1653564,first sighting; position in this drone's map frame
gps_enabled/20260928-181822,1,491.08,detection,people_pins_3,-35.363348,149.1653645,first sighting; position in this drone's map frame
gps_enabled/20260928-181822,1,537.06,hazard,constriction_36,-35.3633362,149.1652243,first sighting; position in this drone's map frame
gps_enabled/20260928-181822,1,539.93,land,,,,final disarm
gps_enabled/20260928-181822,2,-41.61,hazard,constriction_1,-35.3631807,149.1653453,first sighting; position in this drone's map frame
gps_enabled/20260928-181822,2,0.0,takeoff,,,,first armed sample
gps_enabled/20260928-181822,2,27.64,hazard,constriction_2,-35.3631666,149.1653078,first sighting; position in this drone's map frame
gps_enabled/20260928-181822,2,30.18,hazard,constriction_3,-35.3632087,149.165331,first sighting; position in this drone's map frame
gps_enabled/20260928-181822,2,32.79,hazard,constriction_4,-35.3631694,149.1652726,first sighting; position in this drone's map frame
gps_enabled/20260928-181822,2,35.51,hazard,constriction_5,-35.3632384,149.1653536,first sighting; position in this drone's map frame
gps_enabled/20260928-181822,2,40.43,hazard,constriction_6,-35.3631863,149.1652371,first sighting; position in this drone's map frame
gps_enabled/20260928-181822,2,62.88,hazard,constriction_7,-35.3632525,149.1653313,first sighting; position in this drone's map frame
gps_enabled/20260928-181822,2,78.56,hazard,constriction_8,-35.363275,149.1653531,first sighting; position in this drone's map frame
gps_enabled/20260928-181822,2,83.62,hazard,constriction_9,-35.3633037,149.1653435,first sighting; position in this drone's map frame
gps_enabled/20260928-181822,2,93.89,hazard,constriction_10,-35.3632709,149.1653137,first sighting; position in this drone's map frame
gps_enabled/20260928-181822,2,126.77,hazard,constriction_11,-35.3631672,149.1652094,first sighting; position in this drone's map frame
gps_enabled/20260928-181822,2,134.52,hazard,constriction_12,-35.3631853,149.1651868,first sighting; position in this drone's map frame
gps_enabled/20260928-181822,2,139.61,hazard,constriction_13,-35.3631677,149.1651665,first sighting; position in this drone's map frame
gps_enabled/20260928-181822,2,139.61,hazard,constriction_14,-35.3632189,149.1652287,first sighting; position in this drone's map frame
gps_enabled/20260928-181822,2,142.23,hazard,constriction_15,-35.3631814,149.1651386,first sighting; position in this drone's map frame
gps_enabled/20260928-181822,2,164.16,hazard,constriction_16,-35.3632069,149.1651283,first sighting; position in this drone's map frame
gps_enabled/20260928-181822,2,177.57,hazard,constriction_17,-35.3632437,149.1651195,first sighting; position in this drone's map frame
gps_enabled/20260928-181822,2,182.56,hazard,constriction_18,-35.3632684,149.1651415,first sighting; position in this drone's map frame
gps_enabled/20260928-181822,2,192.66,hazard,unreachable_19,-35.3632984,149.1651433,first sighting; position in this drone's map frame
gps_enabled/20260928-181822,2,195.43,land,,,,final disarm
gps_enabled/20260928-182850,1,0.0,takeoff,,,,first armed sample
gps_enabled/20260928-182850,1,27.66,hazard,constriction_1,-35.3633331,149.1651405,first sighting; position in this drone's map frame
gps_enabled/20260928-182850,1,30.17,hazard,constriction_2,-35.3633129,149.1651267,first sighting; position in this drone's map frame
gps_enabled/20260928-182850,1,35.34,hazard,constriction_3,-35.3632909,149.1651425,first sighting; position in this drone's map frame
gps_enabled/20260928-182850,1,40.72,hazard,constriction_4,-35.3632674,149.1651206,first sighting; position in this drone's map frame
gps_enabled/20260928-182850,1,45.93,hazard,constriction_5,-35.3633121,149.1651707,first sighting; position in this drone's map frame
gps_enabled/20260928-182850,1,48.47,hazard,constriction_6,-35.3632928,149.1651922,first sighting; position in this drone's map frame
gps_enabled/20260928-182850,1,50.95,hazard,constriction_7,-35.3632482,149.1651358,first sighting; position in this drone's map frame
gps_enabled/20260928-182850,1,55.81,hazard,constriction_8,-35.3632247,149.1651204,first sighting; position in this drone's map frame
gps_enabled/20260928-182850,1,63.47,hazard,constriction_9,-35.3632067,149.1651396,first sighting; position in this drone's map frame
gps_enabled/20260928-182850,1,68.51,hazard,constriction_10,-35.3631833,149.1651325,first sighting; position in this drone's map frame
gps_enabled/20260928-182850,1,99.04,hazard,constriction_11,-35.3632611,149.1651812,first sighting; position in this drone's map frame
gps_enabled/20260928-182850,1,101.66,hazard,constriction_12,-35.3632375,149.1651859,first sighting; position in this drone's map frame
gps_enabled/20260928-182850,1,109.02,detection,people_pins_1,-35.3632206,149.1651829,first sighting; position in this drone's map frame
gps_enabled/20260928-182850,1,120.75,hazard,constriction_13,-35.3632123,149.1651876,first sighting; position in this drone's map frame
gps_enabled/20260928-182850,1,131.22,hazard,constriction_14,-35.3632224,149.1652239,first sighting; position in this drone's map frame
gps_enabled/20260928-182850,1,133.68,hazard,constriction_15,-35.3632269,149.1652666,first sighting; position in this drone's map frame
gps_enabled/20260928-182850,1,133.68,hazard,constriction_16,-35.3632033,149.1652417,first sighting; position in this drone's map frame
gps_enabled/20260928-182850,1,138.68,hazard,constriction_17,-35.3632191,149.1653013,first sighting; position in this drone's map frame
gps_enabled/20260928-182850,1,148.66,hazard,constriction_18,-35.3631832,149.1652281,first sighting; position in this drone's map frame
gps_enabled/20260928-182850,1,159.46,hazard,constriction_19,-35.3632515,149.1652996,first sighting; position in this drone's map frame
gps_enabled/20260928-182850,1,175.59,hazard,constriction_20,-35.3632628,149.1653242,first sighting; position in this drone's map frame
gps_enabled/20260928-182850,1,194.04,hazard,constriction_21,-35.3632381,149.1653544,first sighting; position in this drone's map frame
gps_enabled/20260928-182850,1,200.14,hazard,constriction_22,-35.3633122,149.1653525,first sighting; position in this drone's map frame
gps_enabled/20260928-182850,1,200.14,hazard,constriction_23,-35.3632133,149.1653482,first sighting; position in this drone's map frame
gps_enabled/20260928-182850,1,203.23,hazard,constriction_24,-35.3631815,149.1653374,first sighting; position in this drone's map frame
gps_enabled/20260928-182850,1,229.48,hazard,constriction_25,-35.363169,149.1652972,first sighting; position in this drone's map frame
gps_enabled/20260928-182850,1,234.78,hazard,constriction_26,-35.3631845,149.1652713,first sighting; position in this drone's map frame
gps_enabled/20260928-182850,1,255.17,hazard,constriction_27,-35.3631847,149.1651793,first sighting; position in this drone's map frame
gps_enabled/20260928-182850,1,255.17,hazard,constriction_28,-35.3631676,149.165198,first sighting; position in this drone's map frame
gps_enabled/20260928-182850,1,265.12,hazard,constriction_29,-35.3631658,149.1651545,first sighting; position in this drone's map frame
gps_enabled/20260928-182850,1,401.93,hazard,constriction_30,-35.3632828,149.1653393,first sighting; position in this drone's map frame
gps_enabled/20260928-182850,1,412.14,hazard,unreachable_31,-35.3633051,149.1653261,first sighting; position in this drone's map frame
gps_enabled/20260928-182850,1,435.0,hazard,constriction_32,-35.3633135,149.1652962,first sighting; position in this drone's map frame
gps_enabled/20260928-182850,1,440.3,hazard,constriction_33,-35.3633126,149.1652573,first sighting; position in this drone's map frame
gps_enabled/20260928-182850,1,443.0,hazard,constriction_34,-35.3632954,149.1652388,first sighting; position in this drone's map frame
gps_enabled/20260928-182850,1,453.23,hazard,constriction_35,-35.3633175,149.1652257,first sighting; position in this drone's map frame
gps_enabled/20260928-182850,1,466.24,hazard,constriction_36,-35.3632702,149.165231,first sighting; position in this drone's map frame
gps_enabled/20260928-182850,1,468.68,hazard,constriction_37,-35.3633558,149.1652481,first sighting; position in this drone's map frame
gps_enabled/20260928-182850,1,468.68,hazard,constriction_38,-35.3633444,149.1652222,first sighting; position in this drone's map frame
gps_enabled/20260928-182850,1,488.99,detection,people_pins_2,-35.3633462,149.1652355,first sighting; position in this drone's map frame
gps_enabled/20260928-182850,1,497.9,hazard,constriction_39,-35.363344,149.1653135,first sighting; position in this drone's map frame
gps_enabled/20260928-182850,1,500.55,hazard,constriction_40,-35.3633443,149.1651851,first sighting; position in this drone's map frame
gps_enabled/20260928-182850,1,503.06,hazard,constriction_41,-35.3633546,149.1653484,first sighting; position in this drone's map frame
gps_enabled/20260928-182850,1,512.4,detection,people_pins_3,-35.3633494,149.1653419,first sighting; position in this drone's map frame
gps_enabled/20260928-182850,1,556.65,detection,people_pins_4,-35.3632644,149.1652285,first sighting; position in this drone's map frame
gps_enabled/20260928-182850,1,563.29,land,,,,final disarm
gps_enabled/20260928-182850,2,-45.13,hazard,constriction_1,-35.3631811,149.1653451,first sighting; position in this drone's map frame
gps_enabled/20260928-182850,2,0.0,takeoff,,,,first armed sample
gps_enabled/20260928-182850,2,29.8,hazard,constriction_2,-35.3632098,149.1653457,first sighting; position in this drone's map frame
gps_enabled/20260928-182850,2,32.33,hazard,constriction_3,-35.36317,149.1653162,first sighting; position in this drone's map frame
gps_enabled/20260928-182850,2,34.97,hazard,constriction_4,-35.3632338,149.1653336,first sighting; position in this drone's map frame
gps_enabled/20260928-182850,2,40.35,hazard,constriction_5,-35.3631838,149.1652671,first sighting; position in this drone's map frame
gps_enabled/20260928-182850,2,40.35,hazard,constriction_6,-35.3632603,149.1653296,first sighting; position in this drone's map frame
gps_enabled/20260928-182850,2,53.01,hazard,constriction_7,-35.3631871,149.1652291,first sighting; position in this drone's map frame
gps_enabled/20260928-182850,2,58.0,hazard,constriction_8,-35.3631672,149.1652138,first sighting; position in this drone's map frame
gps_enabled/20260928-182850,2,70.71,hazard,constriction_9,-35.363167,149.1651696,first sighting; position in this drone's map frame
gps_enabled/20260928-182850,2,76.0,hazard,constriction_10,-35.3632137,149.1652228,first sighting; position in this drone's map frame
gps_enabled/20260928-182850,2,78.5,hazard,constriction_11,-35.3631773,149.1651384,first sighting; position in this drone's map frame
gps_enabled/20260928-182850,2,109.13,hazard,constriction_12,-35.3632255,149.1651363,first sighting; position in this drone's map frame
gps_enabled/20260928-182850,2,111.78,hazard,constriction_13,-35.3632501,149.1651194,first sighting; position in this drone's map frame
gps_enabled/20260928-182850,2,111.78,hazard,constriction_14,-35.3632645,149.1651409,first sighting; position in this drone's map frame
gps_enabled/20260928-182850,2,125.76,hazard,constriction_15,-35.3632924,149.165118,first sighting; position in this drone's map frame
gps_enabled/20260928-182850,2,133.31,hazard,constriction_16,-35.3633156,149.1651401,first sighting; position in this drone's map frame
gps_enabled/20260928-182850,2,138.31,hazard,constriction_17,-35.3633348,149.165118,first sighting; position in this drone's map frame
gps_enabled/20260928-182850,2,168.75,hazard,constriction_18,-35.3633564,149.1651326,first sighting; position in this drone's map frame
gps_enabled/20260928-182850,2,190.58,hazard,constriction_19,-35.3633037,149.1651817,first sighting; position in this drone's map frame
gps_enabled/20260928-182850,2,205.77,hazard,constriction_20,-35.3632675,149.1651916,first sighting; position in this drone's map frame
gps_enabled/20260928-182850,2,212.07,hazard,constriction_21,-35.3632282,149.1651819,first sighting; position in this drone's map frame
gps_enabled/20260928-182850,2,223.56,detection,people_pins_1,-35.3632204,149.1651828,first sighting; position in this drone's map frame
gps_enabled/20260928-182850,2,234.41,hazard,constriction_22,-35.3632236,149.1652621,first sighting; position in this drone's map frame
gps_enabled/20260928-182850,2,244.52,hazard,constriction_23,-35.363218,149.1652992,first sighting; position in this drone's map frame
gps_enabled/20260928-182850,2,257.41,hazard,constriction_24,-35.363242,149.1652907,first sighting; position in this drone's map frame
gps_enabled/20260928-182850,2,289.63,hazard,constriction_25,-35.363285,149.165346,first sighting; position in this drone's map frame
gps_enabled/20260928-182850,2,334.17,hazard,constriction_26,-35.3633092,149.1653008,first sighting; position in this drone's map frame
gps_enabled/20260928-182850,2,339.19,hazard,constriction_27,-35.3633023,149.1652537,first sighting; position in this drone's map frame
gps_enabled/20260928-182850,2,360.48,hazard,constriction_28,-35.3632776,149.1652423,first sighting; position in this drone's map frame
gps_enabled/20260928-182850,2,360.48,hazard,constriction_29,-35.3633355,149.1652328,first sighting; position in this drone's map frame
gps_enabled/20260928-182850,2,365.49,hazard,constriction_30,-35.3632549,149.1652265,first sighting; position in this drone's map frame
gps_enabled/20260928-182850,2,366.21,detection,people_pins_2,-35.3633466,149.1652349,first sighting; position in this drone's map frame
gps_enabled/20260928-182850,2,375.75,hazard,constriction_31,-35.3633547,149.1652744,first sighting; position in this drone's map frame
gps_enabled/20260928-182850,2,381.08,hazard,constriction_32,-35.3633389,149.1651852,first sighting; position in this drone's map frame
gps_enabled/20260928-182850,2,383.75,hazard,constriction_33,-35.3633474,149.1653342,first sighting; position in this drone's map frame
gps_enabled/20260928-182850,2,394.31,detection,people_pins_3,-35.3633488,149.1653513,first sighting; position in this drone's map frame
gps_enabled/20260928-182850,2,441.61,land,,,,final disarm
